subject,measure,overall_mean,congruency_effect,congruency_effect_25_inc,congruency_effect_75_inc,switch_cost,switch_cost_25_switch,switch_cost_75_switch,congruency_effect_25_switch,congruency_effect_75_switch,switch_cost_25_inc,switch_cost_75_inc,congruency_effect_repeat,congruency_effect_switch,LWPC_effect,LWPS_effect,congruency_effect_switch_prop_diff,switch_cost_inc_prop_diff,congruency_x_task_sequence
D0057,key_RT_mean,1140.048712567654,191.89690576089168,253.71938608776844,130.0744254340155,149.17773826338433,195.89039716168944,102.46507936507942,205.40226156846919,178.3915499533144,115.29438608776843,183.06109043900054,246.1245304760321,137.66928104575138,123.64496065375295,93.42531779661002,27.010711615154776,-67.76670435123211,-108.45524943028073
D0059,key_RT_mean,1196.7230423509782,26.04811551428132,49.07554112554102,3.0206899030216228,51.78617933218388,150.13053898978956,-46.55818032542158,27.10895680852987,24.987274220032774,-38.168614718614656,141.74097338298242,72.28041721087264,-20.184186182309773,46.0548512225194,196.68871931521113,2.121682588497098,-179.90958810159708,-92.46460339318241
D0063,key_RT_mean,1151.5917624364333,320.7402559215026,375.41811821219716,266.06239363080795,52.75609501017442,-19.55735946611248,125.06954948646131,385.48498196438686,255.99552987861807,-13.574864243943274,119.0870542642919,295.70624283715716,345.77426900584805,109.35572458138921,-144.62690895257379,129.4894520857688,-132.66191850823517,50.06802616869089
D0065,key_RT_mean,1552.190785325503,169.61852855534286,324.64807485111555,14.588982259570393,72.26220974875064,108.46217934542236,36.06224015207871,198.54089083001637,140.69616628066984,224.53284620151615,-80.0084267040151,26.47111528822066,312.76594182246555,310.05909259154515,72.39993919334364,57.84472454934652,304.54127290553123,286.29482653424486
D0069,key_RT_mean,1693.50969392546,42.91963653932407,102.37374492900608,-16.5344718503575,287.86545236565496,336.6153922458275,239.11551248548201,185.52911773602366,-99.68984465737508,256.59751943881014,319.13338529249955,35.13773118140162,50.70154189724674,118.90821677936358,97.49987976034546,285.2189623933987,-62.535865853689415,15.563810715845122
D0071,key_RT_mean,1251.6751028396218,16.186641465679273,107.75389420520986,-75.38061127385131,141.42776708394345,235.79763324107606,47.05790092681084,58.411890568447866,-26.038607637089093,257.05692450824034,25.79860965964653,3.3756131984747917,28.997669732883757,183.13450547906118,188.7397323142652,84.45049820553696,231.2583148485938,25.622056534408966
D0077,key_RT_mean,1651.120865986576,209.7769039048587,340.22636186922006,79.32744594049734,248.7244337676908,328.057842771982,169.3910247633994,191.90462307501232,227.64918473470507,127.03057934889483,370.4182881864868,244.50031543090222,175.05349237881518,260.8989159287227,158.6668180085826,-35.74456165969275,-243.38770883759196,-69.44682305208704
D0090,key_RT_mean,1287.9196237733622,124.46974937740407,190.81394338912162,58.12555536568698,256.9769674986162,424.9969636493707,88.95697134786151,169.29527962647904,79.64421912832931,211.6936678520964,302.2602671451355,141.57118999062467,107.36830876418368,132.68838802343464,336.0399923015092,89.65106049814973,-90.5665992930391,-34.202881226440994
D0094,key_RT_mean,1638.6782155416483,35.65412840365578,125.95603065369221,-54.64777384638042,133.97405137284335,267.94692181877065,0.001180926916255487,59.798742547062076,11.50951426024971,127.65897183016261,140.28913091552386,4.605715527641774,66.70254127967002,180.6038045000726,267.94574089185437,48.28922828681237,-12.630159085361242,62.09682575202824
D0100,key_RT_mean,1246.15796837132,97.36157345302021,97.31233470536749,97.41081220067271,209.97708610760733,202.09289634605642,217.86127586915848,69.21871601818764,125.50443088785279,175.1981270550944,244.7560451601205,110.28916201955474,84.43398488648546,-0.0984774953052181,-15.768379523102055,-56.285714869665156,-69.55791810502609,-25.855177133069276
D0102,key_RT_mean,1152.9807824051504,-42.56165842636217,-72.63988990332982,-12.483426949394527,25.23624375331601,-69.1213767556722,119.59386426230422,-47.23392627463085,-37.88939057809326,62.45436358754031,-11.981876080908505,-34.101871925471094,-51.02144492725302,-60.15646295393529,-188.71524101797644,-9.34453569653759,74.4362396684488,-16.919573001781927
D0103,key_RT_mean,1156.039360498259,167.83832617200022,269.82942840780566,65.84722393619447,133.39961093033858,158.83623401003445,107.96298785064273,170.69552254758412,164.98112979641633,78.7027555002402,188.09646636043698,165.15573841866947,170.52091392533075,203.9822044716112,50.87324615939171,5.714392751167793,-109.39371086019678,5.365175506661274
D0107,key_RT_mean,1262.2168490566762,300.5492239070031,543.9395878427127,57.15885997129333,98.47178884206787,145.03614267676744,51.90743500736872,404.83062319624827,196.2678246177578,71.71051136363627,125.23306632049992,291.3643894300144,309.7340583839918,486.7807278714194,93.12870766939872,208.56279857849046,-53.522554956863644,18.369668953977396
D0110,key_RT_mean,1095.6234971710292,95.6622739502262,108.63615108032664,82.68839682012552,227.47438594562175,267.7176000792982,187.23117181194527,64.01851733144514,127.30603056900725,258.57676851374055,196.37200337750272,76.84422364267773,114.48032425777477,25.947754260201123,80.48642826735295,-63.28751323756211,62.204765136237825,37.636100615097035
D0116,key_RT_mean,1287.4070039839628,446.630012594845,628.0329391507287,265.22708603896115,182.43304544086936,283.45908978174594,81.40700109999277,304.55393105158726,588.7060941381023,238.9785935873665,125.88749729437221,297.4862452651514,595.7737799245382,362.80585311176753,202.05208868175316,-284.1521630865151,113.0910962929943,298.2875346593868
D0117,key_RT_mean,845.2689944142736,68.67034450478593,10.685385979269046,126.65530303030314,65.03672967103824,59.68624084249075,70.38721849958563,75.5076694139194,61.83301959565269,22.791262372379496,107.28219696969687,-18.272092490842496,155.61278150041446,-115.9699170510341,-10.700977657094882,13.674649818266715,-84.49093459731738,173.88487399125694
D0121,key_RT_mean,1424.4309687331472,-26.90801053746106,-48.295639299707375,-5.520381775214966,42.20746866042746,-0.45471390390638966,84.86965122476109,-15.775403107260555,-38.04061796766156,-10.740966512513328,95.15590383336826,-4.561759316410896,-49.25426175851144,-42.77525752449241,-85.32436512866748,22.265214860401006,-105.89687034588158,-44.69250244210055
D0130,key_RT_mean,1041.315080184928,128.70389173108754,183.73426898537204,73.67351447680304,36.81053354467245,107.76832607336706,-34.14725898402193,160.1402056726645,97.26757778951023,40.67664371304058,32.944423376304435,97.39303952359634,160.01474393857862,110.060754508569,141.915585057389,62.87262788315428,7.732220336736148,62.621704414982275
D0133,key_RT_mean,1336.4438615687502,82.90364591011846,183.1385418202367,-17.33125000000002,245.63531607818567,257.24109492481205,234.0295372315593,-13.43539317042608,179.24268499066275,225.4977154897049,265.77291666666645,101.73866436925638,64.0686274509803,200.4697918202367,23.211557693252757,-192.67807816108882,-40.27520117696156,-37.67003691827608
D0134,key_RT_mean,1096.8123752403014,221.30081614880592,350.6806787634409,91.92095353417074,37.27510070987328,92.74953854095847,-18.19933712121213,258.03771184306623,184.5639204545455,14.572345430107436,59.9778559896389,220.01190015475424,222.58973214285714,258.75972522927015,110.9488756621706,73.47379138852074,-45.405510559531464,2.5778319881029006
D0137,key_RT_mean,1061.8687938442881,218.38368217069848,288.1569810736009,148.6103832677963,24.05810905130812,120.4078098965664,-72.29159179395018,191.31662467777244,245.45073966362452,-13.861666173447418,61.977884276063875,240.26552035446434,196.5018439869328,139.5465978058046,192.6994016905166,-54.13411498585208,-75.8395504495113,-43.76367636753153
D0138,key_RT_mean,1237.8817008393962,120.8192011350604,77.37909206278415,164.25931020733663,115.18883457922557,119.70903252449317,110.66863663395799,202.99037223741178,38.648030032709,123.27864603245419,107.09902312599672,113.44361471861487,128.19478755150593,-86.88021814455247,9.04039589053518,164.3423422047028,16.179622906457467,14.751172832891058
D0139,key_RT_mean,1482.2129876167226,202.20297943750353,159.2748503820034,245.1311084930039,151.27551181751554,229.94811943826465,72.6029041967664,146.55418470920068,257.8517741658066,134.07895752486044,168.47206611017063,223.63522370374577,180.7707351712613,-85.8562581110005,157.34521524149824,-111.29758945660592,-34.39310858531019,-42.86448853248447
D0145,key_RT_mean,1437.769674226082,209.56240612187838,250.35929172075066,168.76552052300607,209.02693814041706,174.45444574885903,243.5994305319751,333.082576109065,86.04223613469175,215.2777301371731,202.77614614366124,114.98276550300423,304.1420467407523,81.59377119774459,-69.14498478311606,247.04033997437324,12.501583993511872,189.15928123774805
D0146,key_RT_mean,1296.6334233313128,396.3118983770568,435.3226363008973,357.30116045321637,138.26984010638,195.9151958247065,80.62448438805347,402.66221963423044,389.961577119883,68.04882677708757,208.49085343567242,417.3601363008972,375.26366045321623,78.0214758476809,115.29071143665303,12.700642514347464,-140.44202665858484,-42.09647584768095
D0057,acc_mean,88.8743190611954,-5.670010228545507,-10.972760905048862,-0.367259552042154,3.1502473826957145,0.5201863354037273,5.780308429987691,-2.6940993788819867,-8.645921078209028,5.834420984100241,0.4660737812911764,-7.812676453980805,-3.527344003110211,-10.605501353006709,-5.260122094583963,5.951821699327041,5.368347202809065,4.285332450870594
D0059,acc_mean,96.58300562390014,-1.8991269481290929,1.2191330883419171,-5.017386984600103,0.6202116367832633,2.705627705627711,-1.4652044320611624,-2.705627705627711,-1.0926261906304746,-1.3179473175909395,2.5583705911574772,-2.5025095677269626,-1.295744328531212,6.23652007294202,4.1708321376888735,-1.6130015149972365,-3.8763179087484168,1.2067652391957506
D0063,acc_mean,83.66533580796602,-29.3122312462331,-36.819338268863724,-21.80512422360249,-4.082969567445971,-5.753938567153671,-2.4120005677382816,-30.841657865399274,-27.782804627066916,-2.5512911017656514,-5.61464803312629,-22.69183667209984,-35.93262582036638,-15.014214045261234,-3.3419379994153897,-3.0588532383323574,3.0633569313606386,-13.240789148266543
D0065,acc_mean,68.81211667305422,-19.78347761061585,-32.4358261164184,-7.131129104813317,-19.647761778178708,-15.65666600895803,-23.638857547399393,-19.78476013705216,-19.782195084179556,-21.865249152398803,-17.430274403958624,-21.351249203541222,-18.215706017690493,-25.30469701160508,7.982191538441363,-0.0025650528726046673,-4.43497474844018,3.1355431858507288
D0069,acc_mean,69.67895945340501,-20.7666490655402,-29.380520353302607,-12.152777777777768,-13.923331093189962,-24.203869047619044,-3.6427931387608803,-22.061011904761905,-19.47228622631848,-13.551027265745008,-14.295634920634924,-21.49553571428572,-20.03776241679467,-17.22774257552484,-20.561075908858164,-2.5887256784434243,0.7446076548899168,1.4577732974910482
D0071,acc_mean,96.61908065997518,0.6524683244212848,2.9182595736409023,-1.6133229247983327,0.07405924636857408,2.2904433809636915,-2.142324888226532,-1.4707712498161607,2.775707898658719,0.17413983023391033,-0.026021337496751062,3.074683295638392,-1.7697466467958223,4.531582498439235,4.432768269190223,-4.246479148474879,0.2001611677306614,-4.844429942434214
D0077,acc_mean,78.04462777046992,-15.988767419856732,-21.54773437701827,-10.429800462695205,-3.972678933180007,-5.739094926401423,-2.206262939958603,-13.104605233088208,-18.872929606625256,-7.70786509597251,-0.23749277038750405,-13.309797721983063,-18.667737117730386,-11.117933914323064,-3.5328319864428197,5.768324373537048,-7.470372325585005,-5.357939395747323
D0090,acc_mean,94.45436460243441,5.889597798640633,6.374807987711217,5.40438760957006,-7.53555232005787,-10.675883256528419,-4.395221383587334,11.482334869431643,0.2968607278496238,-5.568356374807982,-9.502748265307758,-2.7492668621700855,14.528462459451363,0.9704203781411573,-6.280661872941085,11.18547414158202,3.934391890499777,17.27772932162145
D0094,acc_mean,84.55314035321682,-12.475998741269212,-11.831197196620591,-13.120800285917833,2.0535711512039145,2.4115761590559948,1.695566143351812,-7.427133518363349,-17.524863964175065,-0.11076708909371069,4.217909391501529,-13.558085899315742,-11.393911583222692,1.2896030892972412,0.7160100157041827,10.097730445811717,-4.32867648059524,2.1641743160930496
D0100,acc_mean,94.71968064263324,-2.920013714733538,-0.7457386363636354,-5.094288793103452,-1.748138714733538,2.8124999999999956,-6.308777429467072,0.46874999999999556,-6.308777429467072,-0.7457386363636354,-2.750538793103452,-5.53125000000001,-0.30877742946707754,4.348550156739817,9.121277429467067,6.777527429467067,2.0048001567398166,5.222472570532933
D0102,acc_mean,68.06564493346858,-33.01977557937158,-33.3556109008542,-32.683940257888935,-15.054682762583848,-12.004342665282353,-18.105022859885324,-54.13637729731698,-11.903173861426152,-23.86481920667268,-6.244546318495003,-18.534457478005862,-47.50509368073727,-0.6716706429652675,6.100680194602971,-42.23320343589083,-17.620272888177677,-28.970636202731406
D0103,acc_mean,79.92848326235787,-6.848064060221171,-7.784604519774019,-5.911523600668334,-6.351719030981407,-6.764763249932737,-5.938674812030065,-2.744921980091475,-10.951206140350877,-1.4869854721549558,-11.216452589807858,-6.753380626708017,-6.942747493734336,-1.8730809191056856,-0.8260884379026718,8.206284160259402,9.729467117652902,-0.18936686702631889
D0107,acc_mean,85.70934037104578,-11.30302157519899,-14.949494949494946,-7.656548200903046,-3.435063052591525,-3.538967884318933,-3.3311582208641055,-16.547612202261163,-6.058430948136828,-0.7189542483660216,-6.151171856817017,-9.136897916546872,-13.46914523385112,-7.2929467485919,-0.20780966345482765,-10.489181254124336,5.432217608450996,-4.332247317304249
D0110,acc_mean,97.54049713727133,-3.306102499650887,-6.612204999301774,0.0,1.328375925150116,2.6759530791788833,-0.01920122887865139,-1.8695014662756582,-4.742703533026116,2.656751850300232,0.0,-5.4409300377042396,-1.171274961597546,-6.612204999301774,2.6951543080575346,2.873202066750458,2.656751850300232,4.269655076106694
D0116,acc_mean,89.36427711689059,-20.483604575151837,-27.094364322717468,-13.872844827586206,-11.06117248686661,-14.456393387314447,-7.665951586418773,-28.10770917678813,-12.859499973515554,-17.37450014614701,-4.747844827586201,-9.441042510121456,-31.52616664018222,-13.221519495131261,-6.790441800895675,-15.248209203272577,-12.62665531856081,-22.085124130060763
D0117,acc_mean,60.63337867654977,-19.247834112161367,-28.05318644870884,-10.44248177561391,-6.870697877749022,-4.747303715697038,-8.994092039800993,-10.051949318850106,-28.443718905472636,-13.216654821132433,-0.5247409343655973,-13.74513113703193,-24.750537087290823,-17.61070467309493,4.246788324103955,18.39176958662253,-12.691913886766836,-11.005405950258893
D0121,acc_mean,90.39907808565218,-7.626937545483237,-10.41462720961055,-4.839247881355934,0.16002578077736196,9.398458407671717,-9.078406846117005,-3.0547084076717246,-12.19916668329476,0.07455368019877451,0.2454978813559383,-10.076943138884786,-5.1769319520816985,-5.575379328254616,18.476865253788723,9.144458275623034,-0.1709442011571638,4.900011186803088
D0130,acc_mean,94.55520595705764,-0.04011290529166711,3.6362717173896053,-3.7164975279729395,-2.834821671743326,-0.8447551169590617,-4.824888226527568,-0.9930425020885592,0.9128166915052138,-5.127748990116876,-0.5418943533697651,-2.619836760461758,2.5396109498784236,7.352769245362545,3.980133109568506,-1.905859193593773,-4.585854636747111,5.1594477103401815
D0133,acc_mean,83.03263189710962,-17.546856165538127,-16.624936746551143,-18.468775584525112,-13.800812559179775,-11.255867118189789,-16.345758000169763,-22.348561240336927,-12.745151090739327,-20.09637472885869,-7.505250389500862,-7.3097805765562684,-27.783931754519987,1.8438388379739692,5.089890881979974,-9.6034101495976,-12.59112433935783,-20.47415117796372
D0134,acc_mean,91.82058394418291,-14.36190430825478,-18.728180421728812,-9.995628194780737,-7.042454045256131,-11.457431457431467,-2.627476633080783,-15.209235209235217,-13.514573407274334,-9.843248149699757,-4.241659940812481,-9.31637806637806,-19.407430550131487,-8.732552226948075,-8.829954824350683,-1.6946618019608835,-5.601588208887277,-10.091052483753426
D0137,acc_mean,88.5546792597261,-14.83744689989327,-21.616632160110417,-8.058261639676111,0.9438332234921187,1.4631932395090308,0.42447320747520667,-8.564279287963505,-21.110614511823034,7.192891649413391,-5.3052252024291535,-18.6929978234326,-10.981895976353929,-13.558370520434305,1.0387200320338241,12.54633522385953,12.498116851842545,7.71110184707867
D0138,acc_mean,86.965824345213,-10.377407508111048,-13.829460470085465,-6.925354546136608,-0.48924131709757734,-2.8173546539882133,1.8388720197930697,-10.235387440873456,-10.519427575348628,9.055154914529906,-10.03363754872505,-9.338922794408811,-11.415892221813273,-6.9041059239488565,-4.656226673781283,0.2840401344751715,19.088792463254954,-2.076969427404462
D0139,acc_mean,83.35486137361124,-9.998296613863511,-10.211807239873883,-9.784785987853152,-5.982704113551152,-13.673430506250961,1.7080222791486688,-5.40800888768842,-14.5885843400386,-1.6185499029832684,-10.346858324119024,-18.710441104594334,-1.2861521231327,-0.42702125202073127,-15.38145278539963,9.18057545235018,8.728308421135756,17.424288981461636
D0145,acc_mean,89.50008626639061,-7.448240165631459,-6.94013112491374,-7.956349206349211,-7.6112836438923415,-10.897170462387862,-4.325396825396832,-6.721877156659762,-8.174603174603167,-5.55986887508626,-9.662698412698411,-3.864734299516903,-11.031746031746026,1.016218081435471,-6.57177363699103,1.4527260179434052,4.102829537612151,-7.167011732229123
D0146,acc_mean,96.53618722286485,-6.927625554270289,-9.66117216117216,-4.194078947368429,1.188759157509156,-0.009699730094470116,2.3872180451127822,-6.468033063427803,-7.387218045112787,0.8150183150183232,1.5625,-8.116384711779446,-5.738866396761133,-5.467093213803731,-2.3969177752072524,0.9191849816849844,-0.7474816849816768,2.377518315018313
D0057,error_mean,11.125680938804605,5.670010228545507,10.972760905048862,0.367259552042154,-3.1502473826957145,-0.5201863354037273,-5.780308429987691,2.6940993788819867,8.645921078209028,-5.834420984100241,-0.4660737812911764,7.812676453980805,3.527344003110211,10.605501353006709,5.260122094583963,-5.951821699327041,-5.368347202809065,-4.285332450870594
D0059,error_mean,3.416994376099869,1.8991269481290929,-1.2191330883419171,5.017386984600103,-0.6202116367832633,-2.705627705627711,1.4652044320611624,2.705627705627711,1.0926261906304746,1.3179473175909395,-2.5583705911574772,2.5025095677269626,1.295744328531212,-6.23652007294202,-4.1708321376888735,1.6130015149972365,3.8763179087484168,-1.2067652391957506
D0063,error_mean,16.334664192033976,29.3122312462331,36.819338268863724,21.80512422360249,4.082969567445971,5.753938567153671,2.4120005677382816,30.841657865399274,27.782804627066916,2.5512911017656514,5.61464803312629,22.69183667209984,35.93262582036638,15.014214045261234,3.3419379994153897,3.0588532383323574,-3.0633569313606386,13.240789148266543
D0065,error_mean,31.187883326945787,19.78347761061585,32.4358261164184,7.131129104813317,19.647761778178708,15.65666600895803,23.638857547399393,19.78476013705216,19.782195084179556,21.865249152398803,17.430274403958624,21.351249203541222,18.215706017690493,25.30469701160508,-7.982191538441363,0.0025650528726046673,4.43497474844018,-3.1355431858507288
D0069,error_mean,30.32104054659498,20.7666490655402,29.380520353302607,12.152777777777768,13.923331093189962,24.203869047619044,3.6427931387608803,22.061011904761905,19.47228622631848,13.551027265745008,14.295634920634924,21.49553571428572,20.03776241679467,17.22774257552484,20.561075908858164,2.5887256784434243,-0.7446076548899168,-1.4577732974910482
D0071,error_mean,3.380919340024824,-0.6524683244212848,-2.9182595736409023,1.6133229247983327,-0.07405924636857408,-2.2904433809636915,2.142324888226532,1.4707712498161607,-2.775707898658719,-0.17413983023391033,0.026021337496751062,-3.074683295638392,1.7697466467958223,-4.531582498439235,-4.432768269190223,4.246479148474879,-0.2001611677306614,4.844429942434214
D0077,error_mean,21.95537222953009,15.988767419856732,21.54773437701827,10.429800462695205,3.972678933180007,5.739094926401423,2.206262939958603,13.104605233088208,18.872929606625256,7.70786509597251,0.23749277038750405,13.309797721983063,18.667737117730386,11.117933914323064,3.5328319864428197,-5.768324373537048,7.470372325585005,5.357939395747323
D0090,error_mean,5.545635397565595,-5.889597798640633,-6.374807987711217,-5.40438760957006,7.53555232005787,10.675883256528419,4.395221383587334,-11.482334869431643,-0.2968607278496238,5.568356374807982,9.502748265307758,2.7492668621700855,-14.528462459451363,-0.9704203781411573,6.280661872941085,-11.18547414158202,-3.934391890499777,-17.27772932162145
D0094,error_mean,15.446859646783185,12.475998741269212,11.831197196620591,13.120800285917833,-2.0535711512039145,-2.4115761590559948,-1.695566143351812,7.427133518363349,17.524863964175065,0.11076708909371069,-4.217909391501529,13.558085899315742,11.393911583222692,-1.2896030892972412,-0.7160100157041827,-10.097730445811717,4.32867648059524,-2.1641743160930496
D0100,error_mean,5.2803193573667695,2.920013714733538,0.7457386363636354,5.094288793103452,1.748138714733538,-2.8124999999999956,6.308777429467072,-0.46874999999999556,6.308777429467072,0.7457386363636354,2.750538793103452,5.53125000000001,0.30877742946707754,-4.348550156739817,-9.121277429467067,-6.777527429467067,-2.0048001567398166,-5.222472570532933
D0102,error_mean,31.934355066531417,33.01977557937158,33.3556109008542,32.683940257888935,15.054682762583848,12.004342665282353,18.105022859885324,54.13637729731698,11.903173861426152,23.86481920667268,6.244546318495003,18.534457478005862,47.50509368073727,0.6716706429652675,-6.100680194602971,42.23320343589083,17.620272888177677,28.970636202731406
D0103,error_mean,20.071516737642124,6.848064060221171,7.784604519774019,5.911523600668334,6.351719030981407,6.764763249932737,5.938674812030065,2.744921980091475,10.951206140350877,1.4869854721549558,11.216452589807858,6.753380626708017,6.942747493734336,1.8730809191056856,0.8260884379026718,-8.206284160259402,-9.729467117652902,0.18936686702631889
D0107,error_mean,14.290659628954216,11.30302157519899,14.949494949494946,7.656548200903046,3.435063052591525,3.538967884318933,3.3311582208641055,16.547612202261163,6.058430948136828,0.7189542483660216,6.151171856817017,9.136897916546872,13.46914523385112,7.2929467485919,0.20780966345482765,10.489181254124336,-5.432217608450996,4.332247317304249
D0110,error_mean,2.4595028627286686,3.306102499650887,6.612204999301774,0.0,-1.328375925150116,-2.6759530791788833,0.01920122887865139,1.8695014662756582,4.742703533026116,-2.656751850300232,0.0,5.4409300377042396,1.171274961597546,6.612204999301774,-2.6951543080575346,-2.873202066750458,-2.656751850300232,-4.269655076106694
D0116,error_mean,10.63572288310941,20.483604575151837,27.094364322717468,13.872844827586206,11.06117248686661,14.456393387314447,7.665951586418773,28.10770917678813,12.859499973515554,17.37450014614701,4.747844827586201,9.441042510121456,31.52616664018222,13.221519495131261,6.790441800895675,15.248209203272577,12.62665531856081,22.085124130060763
D0117,error_mean,39.36662132345023,19.247834112161367,28.05318644870884,10.44248177561391,6.870697877749022,4.747303715697038,8.994092039800993,10.051949318850106,28.443718905472636,13.216654821132433,0.5247409343655973,13.74513113703193,24.750537087290823,17.61070467309493,-4.246788324103955,-18.39176958662253,12.691913886766836,11.005405950258893
D0121,error_mean,9.600921914347825,7.626937545483237,10.41462720961055,4.839247881355934,-0.16002578077736196,-9.398458407671717,9.078406846117005,3.0547084076717246,12.19916668329476,-0.07455368019877451,-0.2454978813559383,10.076943138884786,5.1769319520816985,5.575379328254616,-18.476865253788723,-9.144458275623034,0.1709442011571638,-4.900011186803088
D0130,error_mean,5.44479404294237,0.04011290529166711,-3.6362717173896053,3.7164975279729395,2.834821671743326,0.8447551169590617,4.824888226527568,0.9930425020885592,-0.9128166915052138,5.127748990116876,0.5418943533697651,2.619836760461758,-2.5396109498784236,-7.352769245362545,-3.980133109568506,1.905859193593773,4.585854636747111,-5.1594477103401815
D0133,error_mean,16.96736810289038,17.546856165538127,16.624936746551143,18.468775584525112,13.800812559179775,11.255867118189789,16.345758000169763,22.348561240336927,12.745151090739327,20.09637472885869,7.505250389500862,7.3097805765562684,27.783931754519987,-1.8438388379739692,-5.089890881979974,9.6034101495976,12.59112433935783,20.47415117796372
D0134,error_mean,8.17941605581709,14.36190430825478,18.728180421728812,9.995628194780737,7.042454045256131,11.457431457431467,2.627476633080783,15.209235209235217,13.514573407274334,9.843248149699757,4.241659940812481,9.31637806637806,19.407430550131487,8.732552226948075,8.829954824350683,1.6946618019608835,5.601588208887277,10.091052483753426
D0137,error_mean,11.445320740273901,14.83744689989327,21.616632160110417,8.058261639676111,-0.9438332234921187,-1.4631932395090308,-0.42447320747520667,8.564279287963505,21.110614511823034,-7.192891649413391,5.3052252024291535,18.6929978234326,10.981895976353929,13.558370520434305,-1.0387200320338241,-12.54633522385953,-12.498116851842545,-7.71110184707867
D0138,error_mean,13.034175654787006,10.377407508111048,13.829460470085465,6.925354546136608,0.48924131709757734,2.8173546539882133,-1.8388720197930697,10.235387440873456,10.519427575348628,-9.055154914529906,10.03363754872505,9.338922794408811,11.415892221813273,6.9041059239488565,4.656226673781283,-0.2840401344751715,-19.088792463254954,2.076969427404462
D0139,error_mean,16.645138626388757,9.998296613863511,10.211807239873883,9.784785987853152,5.982704113551152,13.673430506250961,-1.7080222791486688,5.40800888768842,14.5885843400386,1.6185499029832684,10.346858324119024,18.710441104594334,1.2861521231327,0.42702125202073127,15.38145278539963,-9.18057545235018,-8.728308421135756,-17.424288981461636
D0145,error_mean,10.49991373360939,7.448240165631459,6.94013112491374,7.956349206349211,7.6112836438923415,10.897170462387862,4.325396825396832,6.721877156659762,8.174603174603167,5.55986887508626,9.662698412698411,3.864734299516903,11.031746031746026,-1.016218081435471,6.57177363699103,-1.4527260179434052,-4.102829537612151,7.167011732229123
D0146,error_mean,3.4638127771351446,6.927625554270289,9.66117216117216,4.194078947368429,-1.188759157509156,0.009699730094470116,-2.3872180451127822,6.468033063427803,7.387218045112787,-0.8150183150183232,-1.5625,8.116384711779446,5.738866396761133,5.467093213803731,2.3969177752072524,-0.9191849816849844,0.7474816849816768,-2.377518315018313
